City_ID,City,Lat,Lng,Max Temp,Humidity,Cloudiness,Current Weather,Wind Speed,Country,Date,Rain,Snow
0,Kavieng,-2.57,150.8,82.53,79,35,Rain,12.33,PG,2020-06-28 16:18:42,1.25,0
1,Tiarei,-17.53,-149.33,69.8,83,20,Clouds,2.24,PF,2020-06-28 16:20:23,0.0,0
2,Lalibela,12.03,39.03,66.96,51,81,Rain,8.3,ET,2020-06-28 16:20:23,0.16,0
3,Vaini,-21.2,-175.2,75.2,94,75,Clouds,4.7,TO,2020-06-28 16:17:40,0.0,0
4,Hilo,19.73,-155.09,71.6,83,20,Clouds,4.7,US,2020-06-28 16:15:46,0.0,0
5,Touros,-5.2,-35.46,84.2,66,75,Clouds,10.29,BR,2020-06-28 16:15:31,0.0,0
6,Luderitz,-26.65,15.16,65.61,50,0,Clear,23.76,NA,2020-06-28 16:17:35,0.0,0
7,Busselton,-33.65,115.33,50.0,92,100,Rain,1.01,AU,2020-06-28 16:17:29,0.18,0
8,Rikitea,-23.12,-134.97,68.02,64,9,Clear,19.86,PF,2020-06-28 16:16:45,0.0,0
9,Namatanai,-3.67,152.43,79.5,79,77,Rain,6.87,PG,2020-06-28 16:18:52,0.77,0
10,Carnarvon,-24.87,113.63,68.0,100,40,Clouds,8.05,AU,2020-06-28 16:17:46,0.0,0
11,Bredasdorp,-34.53,20.04,59.0,72,33,Clouds,11.41,ZA,2020-06-28 16:17:29,0.0,0
12,New Norfolk,-42.78,147.06,42.01,91,41,Clouds,2.75,AU,2020-06-28 16:18:42,0.0,0
13,Gat,31.61,34.76,84.0,65,20,Clouds,8.05,IL,2020-06-28 16:17:46,0.0,0
14,Erenhot,43.65,111.98,68.09,58,64,Rain,20.31,CN,2020-06-28 16:20:23,0.69,0
15,Tuktoyaktuk,69.45,-133.04,39.2,93,75,Clouds,3.36,CA,2020-06-28 16:17:33,0.0,0
16,Provideniya,64.38,-173.3,39.18,81,98,Clouds,16.04,RU,2020-06-28 16:17:29,0.0,0
17,Alta Floresta,-9.88,-56.09,89.35,40,0,Clear,6.78,BR,2020-06-28 16:18:29,0.0,0
18,Parana,-31.73,-60.52,55.29,61,100,Clouds,7.96,AR,2020-06-28 16:20:23,0.0,0
19,Cherskiy,68.75,161.3,38.5,76,94,Clouds,7.61,RU,2020-06-28 16:18:45,0.0,0
20,Odiongan,12.4,121.99,79.93,83,100,Rain,11.74,PH,2020-06-28 16:20:24,0.68,0
21,Fort Nelson,58.81,-122.7,57.2,76,75,Clouds,10.29,CA,2020-06-28 16:20:24,0.0,0
22,Albany,42.6,-73.97,71.6,83,90,Rain,4.7,US,2020-06-28 16:17:42,0.25,0
23,Broken Hill,-31.95,141.43,41.0,65,21,Clouds,6.93,AU,2020-06-28 16:18:41,0.0,0
24,Puerto Ayora,-0.74,-90.35,75.2,73,75,Clouds,11.41,EC,2020-06-28 16:18:44,0.0,0
25,Avarua,-21.21,-159.78,71.6,73,56,Clouds,6.93,CK,2020-06-28 16:18:42,0.0,0
26,Katsuura,35.13,140.3,73.0,94,100,Clouds,6.55,JP,2020-06-28 16:20:24,0.0,0
27,Port Blair,11.67,92.75,83.32,78,100,Clouds,9.4,IN,2020-06-28 16:20:24,0.0,0
28,Bose,45.46,8.01,84.0,57,0,Clear,3.47,IT,2020-06-28 16:20:24,0.0,0
29,North Bend,43.41,-124.22,57.0,93,90,Rain,6.93,US,2020-06-28 16:20:24,27.18,0
30,Lebu,-37.62,-73.65,53.4,93,96,Clouds,14.43,CL,2020-06-28 16:18:42,0.0,0
31,San Patricio,19.22,-104.7,86.0,74,5,Clear,11.41,MX,2020-06-28 16:20:24,0.0,0
32,Saintes,45.67,-0.75,66.2,88,90,Rain,11.41,FR,2020-06-28 16:20:24,0.0,0
33,Mahebourg,-20.41,57.7,71.6,83,40,Rain,8.05,MU,2020-06-28 16:20:24,0.0,0
34,Sao Filipe,14.9,-24.5,78.39,67,12,Clouds,13.53,CV,2020-06-28 16:20:24,0.0,0
35,Bilibino,68.05,166.44,34.63,85,2,Clear,6.29,RU,2020-06-28 16:18:52,0.0,0
36,Hobart,-42.88,147.33,44.6,81,90,Rain,8.05,AU,2020-06-28 16:17:38,0.0,0
37,Bluff,-46.6,168.33,47.26,75,81,Clouds,11.92,NZ,2020-06-28 16:16:47,0.0,0
38,Kirakira,-10.45,161.92,79.07,83,9,Clear,5.14,SB,2020-06-28 16:17:34,0.0,0
39,Nanortalik,60.14,-45.24,44.01,80,100,Clouds,10.51,GL,2020-06-28 16:20:24,0.0,0
40,Butaritari,3.07,172.79,82.67,74,31,Clouds,14.92,KI,2020-06-28 16:15:06,0.0,0
41,San Cristobal,7.77,-72.22,87.8,45,40,Clouds,20.8,VE,2020-06-28 16:17:48,0.0,0
42,Punta Arenas,-53.15,-70.92,32.0,86,0,Clear,5.82,CL,2020-06-28 16:16:46,0.0,0
43,Iqaluit,63.75,-68.51,39.2,80,75,Clouds,5.82,CA,2020-06-28 16:18:49,0.0,0
44,Faanui,-16.48,-151.75,76.33,79,59,Clouds,23.85,PF,2020-06-28 16:17:30,0.0,0
45,Vyara,21.12,73.4,85.96,68,44,Clouds,8.52,IN,2020-06-28 16:20:24,0.0,0
46,Yarada,17.65,83.27,86.0,84,75,Drizzle,10.29,IN,2020-06-28 16:20:24,0.0,0
47,Ushuaia,-54.8,-68.3,35.6,69,75,Clouds,19.46,AR,2020-06-28 16:18:40,0.0,0
48,Otavi,-19.65,17.33,67.8,21,0,Clear,9.98,NA,2020-06-28 16:20:25,0.0,0
49,Itoman,26.12,127.67,82.4,94,40,Clouds,11.41,JP,2020-06-28 16:17:08,0.0,0
50,Tilichiki,60.47,166.1,41.88,93,17,Clouds,1.7,RU,2020-06-28 16:20:25,0.0,0
51,Ivanteyevka,55.97,37.92,75.99,60,46,Rain,8.95,RU,2020-06-28 16:20:25,0.46,0
52,Victoria,22.29,114.16,86.0,66,99,Clouds,11.01,HK,2020-06-28 16:16:56,0.0,0
53,Mogadishu,2.04,45.34,78.84,86,90,Clouds,15.59,SO,2020-06-28 16:18:12,0.0,0
54,Jamestown,42.1,-79.24,71.6,64,20,Clouds,11.41,US,2020-06-28 16:16:45,0.0,0
55,Coquimbo,-29.95,-71.34,55.4,82,75,Clouds,3.36,CL,2020-06-28 16:18:49,0.0,0
56,Port Alfred,-33.59,26.89,61.0,69,9,Clear,8.01,ZA,2020-06-28 16:18:41,0.0,0
57,Mount Gambier,-37.83,140.77,42.8,87,27,Clouds,6.93,AU,2020-06-28 16:18:50,0.0,0
58,Ostrovnoy,68.05,39.51,43.18,75,91,Clouds,6.22,RU,2020-06-28 16:18:41,0.0,0
59,Traverse City,44.76,-85.62,73.4,49,20,Clouds,4.7,US,2020-06-28 16:20:10,0.0,0
60,Castro,-24.79,-50.01,54.68,85,100,Clouds,6.2,BR,2020-06-28 16:17:29,0.0,0
61,Balkhash,46.84,74.98,64.67,47,1,Clear,11.43,KZ,2020-06-28 16:17:47,0.0,0
62,Sioux Lookout,50.1,-91.92,77.0,61,20,Clouds,5.82,CA,2020-06-28 16:16:15,0.0,0
63,Chuy,-33.7,-53.46,54.19,61,3,Clear,5.91,UY,2020-06-28 16:17:59,0.0,0
64,Deputatskiy,69.3,139.9,54.86,88,33,Clouds,5.68,RU,2020-06-28 16:20:25,0.0,0
65,Ribeira Grande,38.52,-28.7,73.4,83,75,Clouds,12.75,PT,2020-06-28 16:18:45,0.0,0
66,Arosa,46.78,9.68,69.01,79,50,Rain,1.99,CH,2020-06-28 16:20:25,1.21,0
67,Hede,33.77,120.25,71.19,95,95,Rain,13.4,CN,2020-06-28 16:20:25,4.17,0
68,Lompoc,34.64,-120.46,59.0,93,100,Mist,8.05,US,2020-06-28 16:17:31,0.0,0
69,Mechetinskaya,46.77,40.46,79.43,46,0,Clear,5.46,RU,2020-06-28 16:20:25,0.0,0
70,Tombouctou,20.0,-3.0,113.79,6,25,Clouds,4.65,ML,2020-06-28 16:20:25,0.0,0
71,Margate,51.38,1.39,66.0,57,0,Clear,8.01,GB,2020-06-28 16:18:48,0.0,0
72,Luena,-11.78,19.92,78.8,41,0,Clear,5.82,AO,2020-06-28 16:20:25,0.0,0
73,Roma,43.21,-75.46,75.2,73,75,Clouds,9.17,US,2020-06-28 16:14:24,0.0,0
74,Seoul,37.57,126.98,73.4,94,74,Clouds,2.24,KR,2020-06-28 16:19:52,0.0,0
75,Cape Town,-33.93,18.42,62.01,71,75,Clouds,5.82,ZA,2020-06-28 16:16:49,0.0,0
76,Tamandare,-8.76,-35.1,78.44,81,53,Rain,11.65,BR,2020-06-28 16:20:26,0.78,0
77,Glendive,47.11,-104.71,68.0,83,90,Clouds,10.0,US,2020-06-28 16:20:26,0.0,0
78,Mataura,-46.19,168.86,41.68,90,99,Clouds,4.32,NZ,2020-06-28 16:18:41,0.0,0
79,Tasiilaq,65.61,-37.64,46.4,75,100,Rain,17.22,GL,2020-06-28 16:18:43,0.0,0
80,Kavaratti,10.57,72.64,83.97,80,99,Clouds,19.73,IN,2020-06-28 16:18:04,0.0,0
81,Daru,-9.08,143.21,77.85,86,97,Rain,15.39,PG,2020-06-28 16:20:26,0.14,0
82,Yellowknife,62.46,-114.35,63.0,51,75,Clouds,10.29,CA,2020-06-28 16:18:42,0.0,0
83,Saint-Philippe,-21.36,55.77,70.0,83,34,Clouds,4.7,RE,2020-06-28 16:17:45,0.0,0
84,Grand-Santi,4.25,-54.38,90.9,50,76,Clouds,3.51,GF,2020-06-28 16:20:26,0.0,0
85,Umm Kaddadah,13.6,26.69,99.46,17,26,Clouds,5.93,SD,2020-06-28 16:20:26,0.0,0
86,Kochubey,44.39,46.58,75.31,43,0,Clear,11.16,RU,2020-06-28 16:20:26,0.0,0
87,Erzin,36.96,36.2,78.01,88,0,Clear,5.99,TR,2020-06-28 16:20:26,0.0,0
88,Davila,18.47,120.58,78.8,94,75,Thunderstorm,4.7,PH,2020-06-28 16:20:26,0.0,0
89,Hithadhoo,-0.6,73.08,85.68,68,100,Clouds,8.05,MV,2020-06-28 16:17:26,0.0,0
90,Cabo San Lucas,22.89,-109.91,84.2,58,90,Clouds,4.7,MX,2020-06-28 16:20:26,0.0,0
91,Aklavik,68.22,-135.01,53.6,58,40,Clouds,4.7,CA,2020-06-28 16:20:26,0.0,0
92,Srednekolymsk,67.45,153.68,52.79,45,100,Clouds,10.33,RU,2020-06-28 16:16:53,0.0,0
93,Vostok,46.49,135.88,48.78,97,96,Clouds,2.75,RU,2020-06-28 16:20:26,0.0,0
94,Yakeshi,49.28,120.73,56.3,77,37,Clouds,6.13,CN,2020-06-28 16:20:26,0.0,0
95,Bandarbeyla,9.49,50.81,80.94,73,0,Clear,32.68,SO,2020-06-28 16:18:50,0.0,0
96,Bonthe,7.53,-12.51,80.49,82,85,Rain,11.5,SL,2020-06-28 16:20:26,1.48,0
97,Slave Lake,55.28,-114.77,55.4,87,90,Mist,5.82,CA,2020-06-28 16:20:26,0.0,0
98,Upernavik,72.79,-56.15,41.63,70,0,Clear,8.93,GL,2020-06-28 16:17:35,0.0,0
99,Ilulissat,69.22,-51.1,42.8,75,75,Clouds,5.82,GL,2020-06-28 16:17:35,0.0,0
100,Talnakh,69.49,88.4,75.2,47,30,Clouds,15.66,RU,2020-06-28 16:20:26,0.0,0
101,Severo-Kurilsk,50.68,156.12,48.7,67,60,Clouds,2.86,RU,2020-06-28 16:17:05,0.0,0
102,Pisco,-13.7,-76.22,62.6,82,90,Mist,3.36,PE,2020-06-28 16:18:42,0.0,0
103,Antofagasta,-23.65,-70.4,59.0,67,75,Clouds,3.36,CL,2020-06-28 16:15:28,0.0,0
104,Petropavlovsk-Kamchatskiy,53.05,158.65,53.6,81,71,Clouds,6.71,RU,2020-06-28 16:17:09,0.0,0
105,Klaksvik,62.23,-6.59,55.4,93,96,Clouds,18.34,FO,2020-06-28 16:16:45,0.0,0
106,Hermanus,-34.42,19.23,59.0,72,28,Clouds,1.99,ZA,2020-06-28 16:17:26,0.0,0
107,Qaanaaq,77.48,-69.36,43.79,63,29,Clouds,4.5,GL,2020-06-28 16:18:43,0.0,0
108,Kiama,-34.68,150.87,52.0,95,6,Rain,5.01,AU,2020-06-28 16:20:27,0.25,0
109,Lasa,46.62,10.7,78.01,52,40,Clouds,6.93,IT,2020-06-28 16:20:27,0.0,0
110,Youghal,51.95,-7.85,62.01,62,75,Clouds,17.22,IE,2020-06-28 16:20:27,0.0,0
111,Wewak,-3.55,143.63,80.06,84,97,Rain,8.08,PG,2020-06-28 16:20:27,0.75,0
112,Marki,52.32,21.1,87.01,54,23,Rain,8.05,PL,2020-06-28 16:20:27,0.85,0
113,Mayumba,-3.43,10.66,75.25,75,36,Clouds,7.56,GA,2020-06-28 16:17:01,0.0,0
114,Jati,24.35,68.27,86.94,72,0,Clear,19.44,PK,2020-06-28 16:20:27,0.0,0
115,Torbay,47.67,-52.73,68.0,87,75,Clouds,8.05,CA,2020-06-28 16:18:43,0.0,0
116,Seki,34.85,136.4,73.4,69,20,Clouds,19.46,JP,2020-06-28 16:20:27,0.0,0
117,Atuona,-9.8,-139.03,79.63,79,59,Rain,14.61,PF,2020-06-28 16:16:46,0.41,0
118,Bubaque,11.28,-15.83,82.22,77,29,Clouds,11.27,GW,2020-06-28 16:18:46,0.0,0
119,Longyearbyen,78.22,15.64,44.6,65,75,Clouds,6.93,SJ,2020-06-28 16:18:42,0.0,0
120,Ucluelet,48.93,-125.55,55.99,87,20,Clouds,2.24,CA,2020-06-28 16:17:19,0.0,0
121,Neiafu,-18.65,-173.98,77.0,88,75,Clouds,8.05,TO,2020-06-28 16:20:27,0.0,0
122,Agadir,30.42,-9.6,80.6,51,4,Clear,14.99,MA,2020-06-28 16:16:07,0.0,0
123,Saskylakh,71.92,114.08,69.39,52,92,Clouds,8.86,RU,2020-06-28 16:17:42,0.0,0
124,Dalvik,65.97,-18.53,55.4,82,20,Clouds,11.41,IS,2020-06-28 16:16:52,0.0,0
125,Ponta Do Sol,32.67,-17.1,73.99,72,4,Clear,8.99,PT,2020-06-28 16:16:55,0.0,0
126,Rocha,-34.48,-54.33,53.78,69,37,Clouds,5.97,UY,2020-06-28 16:18:47,0.0,0
127,Ransang,8.96,117.58,77.85,79,100,Clouds,2.04,PH,2020-06-28 16:20:27,0.0,0
128,Leningradskiy,69.38,178.42,29.01,98,96,Clouds,4.74,RU,2020-06-28 16:17:34,0.0,0
129,Iskandar,41.55,69.7,77.0,14,0,Clear,4.7,UZ,2020-06-28 16:20:27,0.0,0
130,Mahibadhoo,3.78,72.97,83.93,77,4,Clear,13.73,MV,2020-06-28 16:20:27,0.0,0
131,Les Cayes,18.2,-73.75,88.54,60,100,Clouds,8.86,HT,2020-06-28 16:20:27,0.0,0
132,Naushki,50.38,106.11,64.17,74,19,Rain,0.83,RU,2020-06-28 16:20:27,0.11,0
133,Bud,39.45,-86.18,73.99,88,90,Clouds,6.93,US,2020-06-28 16:18:49,0.0,0
134,Maniitsoq,65.42,-52.9,42.37,87,78,Clouds,8.1,GL,2020-06-28 16:20:28,0.0,0
135,Tanda,26.55,82.65,81.99,79,63,Clouds,9.37,IN,2020-06-28 16:20:28,0.0,0
136,Poum,-20.23,164.02,71.2,70,4,Clear,9.66,NC,2020-06-28 16:20:28,0.0,0
137,Kapaa,22.08,-159.32,73.4,94,75,Rain,4.7,US,2020-06-28 16:18:42,1.02,0
138,Miri,4.41,114.01,78.8,100,40,Clouds,1.72,MY,2020-06-28 16:20:28,0.0,0
139,Znamenskoye,57.13,73.83,51.69,91,33,Clouds,7.36,RU,2020-06-28 16:20:28,0.0,0
140,Korla,41.76,86.15,81.0,73,66,Clouds,3.0,CN,2020-06-28 16:18:46,0.0,0
141,Vuktyl,63.86,57.31,47.5,67,85,Clouds,12.01,RU,2020-06-28 16:20:28,0.0,0
142,Tautira,-17.73,-149.15,69.8,83,20,Clouds,2.24,PF,2020-06-28 16:20:28,0.0,0
143,Kankon,15.02,74.02,81.52,84,100,Rain,4.9,IN,2020-06-28 16:20:28,0.13,0
144,Codrington,-38.27,141.97,42.73,85,18,Clouds,7.11,AU,2020-06-28 16:17:07,0.0,0
145,Morondava,-20.28,44.28,75.9,72,0,Clear,11.83,MG,2020-06-28 16:20:28,0.0,0
146,Vila Franca Do Campo,37.72,-25.43,71.6,83,40,Clouds,6.93,PT,2020-06-28 16:18:40,0.0,0
147,Port Lincoln,-34.73,135.87,52.54,56,0,Clear,10.83,AU,2020-06-28 16:18:43,0.0,0
148,Thompson,55.74,-97.86,59.0,93,90,Clouds,8.05,CA,2020-06-28 16:17:53,0.0,0
149,Port Elizabeth,-33.92,25.57,59.0,72,15,Clouds,20.8,ZA,2020-06-28 16:18:41,0.0,0
150,Varnamo,57.19,14.04,66.0,93,100,Rain,8.01,SE,2020-06-28 16:20:28,1.02,0
151,Souillac,-20.52,57.52,71.6,83,40,Rain,8.05,MU,2020-06-28 16:17:36,0.0,0
152,Bilma,18.69,12.92,104.31,7,0,Clear,7.31,NE,2020-06-28 16:16:51,0.0,0
153,Novoagansk,61.94,76.66,58.15,87,29,Clouds,12.3,RU,2020-06-28 16:20:28,0.0,0
154,Bathurst,-33.42,149.58,39.0,90,0,Clear,2.37,AU,2020-06-28 16:20:28,0.0,0
155,Khatanga,71.97,102.5,77.09,43,44,Clouds,11.01,RU,2020-06-28 16:18:47,0.0,0
156,Nara,34.69,135.8,71.01,70,15,Clouds,3.0,JP,2020-06-28 16:20:28,0.0,0
157,Bethel,41.37,-73.41,84.0,61,75,Clouds,5.82,US,2020-06-28 16:17:03,0.0,0
158,Katherine,-14.47,132.27,69.8,52,96,Clouds,5.82,AU,2020-06-28 16:20:28,0.0,0
159,Ahipara,-35.17,173.17,56.26,74,19,Rain,14.45,NZ,2020-06-28 16:17:04,0.13,0
160,Yerbogachen,61.28,108.01,65.3,65,20,Clouds,5.46,RU,2020-06-28 16:20:28,0.0,0
161,Iroquois Falls,48.77,-80.68,71.6,56,20,Clouds,8.05,CA,2020-06-28 16:20:29,0.0,0
162,Mar Del Plata,-38.0,-57.56,48.2,76,20,Clouds,4.7,AR,2020-06-28 16:18:40,0.0,0
163,Lavrentiya,65.58,-171.0,38.88,81,41,Clouds,9.24,RU,2020-06-28 16:16:50,0.0,0
164,Fairbanks,64.84,-147.72,60.01,58,90,Clouds,3.36,US,2020-06-28 16:20:29,0.0,0
165,Oga,46.46,10.35,78.01,55,75,Clouds,11.41,IT,2020-06-28 16:20:29,0.0,0
166,San Policarpo,12.18,125.51,79.68,80,100,Clouds,1.52,PH,2020-06-28 16:20:29,0.0,0
167,Zhigansk,66.77,123.37,65.37,57,0,Clear,12.08,RU,2020-06-28 16:17:41,0.0,0
168,Kismayo,-0.36,42.55,79.27,81,58,Clouds,14.72,SO,2020-06-28 16:20:29,0.0,0
169,Luanda,-8.84,13.23,75.2,73,20,Clouds,10.29,AO,2020-06-28 16:20:15,0.0,0
170,Komsomolskiy,40.43,71.72,75.2,22,0,Clear,6.93,UZ,2020-06-28 16:18:44,0.0,0
171,Georgetown,5.41,100.34,86.0,74,40,Clouds,10.29,MY,2020-06-28 16:17:51,0.0,0
172,Tiksi,71.69,128.87,40.06,71,91,Clouds,3.49,RU,2020-06-28 16:20:29,0.0,0
173,Alofi,-19.06,-169.92,75.2,88,62,Clouds,2.24,NU,2020-06-28 16:15:06,0.0,0
174,Raahe,64.68,24.48,69.01,49,0,Clear,8.05,FI,2020-06-28 16:20:29,0.0,0
175,Vredendal,-31.67,18.5,56.8,67,22,Clouds,8.79,ZA,2020-06-28 16:20:29,0.0,0
176,Coos Bay,43.37,-124.22,57.0,93,90,Rain,6.93,US,2020-06-28 16:20:29,27.18,0
177,Dikson,73.51,80.55,43.97,100,100,Rain,9.04,RU,2020-06-28 16:20:29,0.19,0
178,Castanos,26.78,-101.42,87.8,40,75,Clouds,9.17,MX,2020-06-28 16:20:29,0.0,0
179,Dolores,-36.31,-57.68,49.39,61,42,Clouds,4.88,AR,2020-06-28 16:20:29,0.0,0
180,Celestun,20.87,-90.4,87.08,61,45,Clouds,4.74,MX,2020-06-28 16:20:29,0.0,0
181,Challapata,-18.9,-66.77,50.14,32,0,Clear,8.72,BO,2020-06-28 16:20:29,0.0,0
182,Derzhavinsk,51.1,66.32,62.49,76,100,Rain,10.18,KZ,2020-06-28 16:20:29,0.38,0
183,Iralaya,15.0,-83.23,80.6,88,75,Clouds,13.73,HN,2020-06-28 16:20:29,0.0,0
184,Phalaborwa,-23.94,31.14,75.2,22,0,Clear,3.36,ZA,2020-06-28 16:20:29,0.0,0
185,Kaitangata,-46.28,169.85,46.0,72,100,Clouds,13.0,NZ,2020-06-28 16:16:46,0.0,0
186,Yining,29.04,114.56,77.43,90,100,Rain,3.02,CN,2020-06-28 16:20:29,0.24,0
187,Autazes,-3.58,-59.13,91.2,51,13,Rain,4.38,BR,2020-06-28 16:20:29,0.34,0
188,Iskateley,67.68,53.15,42.46,74,93,Clouds,15.12,RU,2020-06-28 16:20:30,0.0,0
189,Sitka,57.05,-135.33,53.6,81,75,Clouds,9.17,US,2020-06-28 16:18:47,0.0,0
190,Fayaoue,-20.65,166.53,71.2,73,19,Clouds,17.63,NC,2020-06-28 16:20:30,0.0,0
191,Ancud,-41.87,-73.82,46.0,100,90,Clouds,5.82,CL,2020-06-28 16:18:13,0.0,0
192,Araouane,18.9,-3.53,112.35,7,6,Clear,1.81,ML,2020-06-28 16:20:30,0.0,0
193,Nova Olimpia,-14.8,-57.29,86.31,43,10,Clear,4.03,BR,2020-06-28 16:20:30,0.0,0
194,Collie,-33.37,116.15,50.0,83,98,Rain,11.01,AU,2020-06-28 16:20:30,4.31,0
195,Brae,60.4,-1.35,60.8,72,1,Rain,25.28,GB,2020-06-28 16:17:05,0.13,0
196,Tateyama,34.98,139.87,68.0,100,100,Clouds,7.29,JP,2020-06-28 16:20:30,0.0,0
197,Haines Junction,60.75,-137.51,58.21,44,100,Clouds,3.69,CA,2020-06-28 16:18:42,0.0,0
198,Bambous Virieux,-20.34,57.76,73.99,83,40,Rain,8.05,MU,2020-06-28 16:17:33,0.0,0
199,Fez,34.04,-5.0,95.0,26,20,Clouds,11.41,MA,2020-06-28 16:19:21,0.0,0
200,Broome,42.25,-75.83,78.01,69,40,Clouds,6.93,US,2020-06-28 16:20:30,0.0,0
201,Khapa,21.43,78.97,80.6,78,75,Haze,2.24,IN,2020-06-28 16:20:30,0.0,0
202,Tezu,27.92,96.17,75.56,77,34,Clouds,3.11,IN,2020-06-28 16:20:30,0.0,0
203,Inuvik,68.35,-133.72,51.8,57,40,Clouds,4.7,CA,2020-06-28 16:19:04,0.0,0
204,Ossora,59.24,163.07,52.03,73,100,Clouds,2.17,RU,2020-06-28 16:20:30,0.0,0
205,Tucupita,9.06,-62.05,87.49,63,45,Rain,6.17,VE,2020-06-28 16:20:30,0.45,0
206,Buala,-8.14,159.59,80.44,77,28,Clouds,3.6,SB,2020-06-28 16:17:45,0.0,0
207,Mochudi,-24.42,26.15,66.2,20,0,Clear,5.82,BW,2020-06-28 16:20:30,0.0,0
208,Tarrafal,15.28,-23.77,86.0,55,20,Clouds,21.92,CV,2020-06-28 16:20:30,0.0,0
209,Torres,-29.34,-49.73,59.36,64,3,Clear,4.74,BR,2020-06-28 16:16:13,0.0,0
210,Westport,41.14,-73.36,87.01,83,20,Clouds,5.82,US,2020-06-28 16:20:30,0.0,0
211,Constitucion,-35.33,-72.42,54.0,93,100,Rain,15.93,CL,2020-06-28 16:18:50,2.31,0
212,Zeya,53.75,127.27,59.5,86,85,Clouds,3.44,RU,2020-06-28 16:20:30,0.0,0
213,Mangan,27.52,88.53,77.22,55,72,Rain,1.01,IN,2020-06-28 16:20:30,0.27,0
214,Kota Tinggi,1.74,103.9,82.4,83,20,Clouds,3.36,MY,2020-06-28 16:20:30,0.0,0
215,Burnie,-41.07,145.92,44.01,92,14,Clouds,1.01,AU,2020-06-28 16:16:58,0.0,0
216,Kaifeng,34.79,114.35,73.4,83,98,Clouds,2.24,CN,2020-06-28 16:20:31,0.0,0
217,Dongsheng,39.82,109.98,64.2,76,16,Clouds,5.5,CN,2020-06-28 16:17:30,0.0,0
218,Nhulunbuy,-12.23,136.77,73.4,83,75,Clouds,6.93,AU,2020-06-28 16:20:31,0.0,0
219,Isangel,-19.55,169.27,69.51,81,37,Clouds,10.92,VU,2020-06-28 16:18:40,0.0,0
220,Lagoa,39.05,-27.98,68.43,91,100,Clouds,6.44,PT,2020-06-28 16:20:31,0.0,0
221,Praia Da Vitoria,38.73,-27.07,75.2,73,75,Clouds,6.55,PT,2020-06-28 16:20:31,0.0,0
222,Paengaroa,-37.82,176.42,48.0,97,2,Clear,1.99,NZ,2020-06-28 16:20:31,0.0,0
223,Mayo,38.89,-76.51,84.99,66,20,Clouds,3.36,US,2020-06-28 16:20:31,0.0,0
224,Nikolskoye,59.7,30.79,68.0,40,0,Clear,11.18,RU,2020-06-28 16:18:45,0.0,0
225,Morehead,37.27,-87.18,69.8,100,90,Rain,12.82,US,2020-06-28 16:20:31,0.0,0
226,Umm Lajj,25.02,37.27,90.0,44,45,Clouds,8.28,SA,2020-06-28 16:20:31,0.0,0
227,Pouebo,-20.4,164.57,67.21,78,28,Clouds,8.81,NC,2020-06-28 16:20:31,0.0,0
228,Hofn,64.25,-15.21,62.6,63,75,Rain,21.92,IS,2020-06-28 16:17:39,0.0,0
229,Kodiak,57.79,-152.41,51.8,87,90,Clouds,9.17,US,2020-06-28 16:17:30,0.0,0
230,The Pas,53.83,-101.25,60.8,87,90,Rain,5.57,CA,2020-06-28 16:20:31,0.0,0
231,Chokurdakh,70.63,147.92,53.38,59,100,Clouds,10.83,RU,2020-06-28 16:18:26,0.0,0
232,Alyangula,-13.85,136.42,66.2,93,87,Clouds,9.91,AU,2020-06-28 16:20:31,0.0,0
233,Port Hardy,50.7,-127.42,57.2,76,20,Clouds,5.82,CA,2020-06-28 16:20:31,0.0,0
234,Yumen,40.28,97.2,72.16,27,0,Clear,13.42,CN,2020-06-28 16:17:31,0.0,0
235,La Ronge,55.1,-105.28,64.4,82,75,Clouds,4.7,CA,2020-06-28 16:18:42,0.0,0
236,Xining,36.62,101.77,58.87,47,5,Clear,1.72,CN,2020-06-28 16:20:31,0.0,0
237,Lumphat,13.49,106.98,74.62,96,78,Clouds,2.59,KH,2020-06-28 16:20:31,0.0,0
238,Mujiayingzi,42.12,118.78,72.66,56,96,Clouds,3.69,CN,2020-06-28 16:18:24,0.0,0
239,Limbe,4.02,9.21,82.4,78,75,Clouds,3.36,CM,2020-06-28 16:20:31,0.0,0
240,Ifanadiana,-21.3,47.63,62.74,93,0,Clear,1.79,MG,2020-06-28 16:20:31,0.0,0
241,Paamiut,61.99,-49.67,40.57,90,100,Clouds,6.31,GL,2020-06-28 16:16:49,0.0,0
242,Veraval,20.9,70.37,87.04,77,16,Clouds,12.21,IN,2020-06-28 16:20:32,0.0,0
243,Zhezkazgan,47.8,67.71,70.2,40,98,Clouds,13.53,KZ,2020-06-28 16:20:32,0.0,0
244,Gigmoto,13.78,124.39,79.93,83,100,Rain,7.27,PH,2020-06-28 16:20:32,1.15,0
245,Flinders,-34.58,150.86,52.0,87,3,Clear,1.01,AU,2020-06-28 16:18:41,0.0,0
246,Asau,46.43,26.4,77.0,67,81,Rain,2.04,RO,2020-06-28 16:20:32,0.57,0
247,Marawi,8.0,124.29,73.99,94,100,Rain,3.0,PH,2020-06-28 16:20:32,1.53,0
248,Veydelevka,50.15,38.45,74.44,76,100,Rain,6.26,RU,2020-06-28 16:20:32,0.4,0
249,Aksarka,66.56,67.8,56.57,58,78,Clouds,8.41,RU,2020-06-28 16:20:32,0.0,0
250,Presidencia Roque Saenz Pena,-26.79,-60.44,62.82,51,78,Clouds,5.59,AR,2020-06-28 16:20:32,0.0,0
251,Banda Aceh,5.56,95.32,80.47,82,88,Clouds,10.18,ID,2020-06-28 16:20:32,0.0,0
252,Odweyne,9.41,45.06,82.69,45,20,Clouds,17.25,SO,2020-06-28 16:20:32,0.0,0
253,Traralgon,-38.18,146.53,32.0,96,0,Clear,0.29,AU,2020-06-28 16:20:32,0.0,0
254,Karratha,-20.74,116.85,67.1,56,11,Clouds,1.3,AU,2020-06-28 16:20:32,0.0,0
255,Sao Miguel Do Araguaia,-13.28,-50.16,89.87,33,0,Clear,5.03,BR,2020-06-28 16:20:32,0.0,0
256,Hami,42.8,93.45,88.54,13,0,Clear,19.15,CN,2020-06-28 16:20:32,0.0,0
257,Salinopolis,-0.61,-47.36,84.25,74,1,Rain,10.27,BR,2020-06-28 16:18:51,0.31,0
258,Alappuzha,9.49,76.33,75.0,88,74,Rain,5.01,IN,2020-06-28 16:20:32,0.17,0
259,Praya,14.92,-23.51,86.0,55,20,Clouds,21.92,CV,2020-06-28 16:20:32,0.0,0
260,Baruun-Urt,46.68,113.28,66.56,66,100,Rain,8.79,MN,2020-06-28 16:18:50,1.19,0
261,Grindavik,63.84,-22.43,53.6,100,90,Rain,12.75,IS,2020-06-28 16:17:34,0.0,0
262,Kem,64.96,34.58,51.49,67,86,Clouds,5.37,RU,2020-06-28 16:20:32,0.0,0
263,Vardo,70.37,31.11,44.6,87,75,Clouds,18.34,NO,2020-06-28 16:17:42,0.0,0
264,Angoche,-16.23,39.91,75.43,81,0,Clear,7.83,MZ,2020-06-28 16:20:32,0.0,0
265,Vanavara,60.34,102.28,64.42,68,6,Clear,3.06,RU,2020-06-28 16:20:32,0.0,0
266,Khuzdar,27.74,66.64,87.58,15,0,Clear,2.39,PK,2020-06-28 16:20:32,0.0,0
267,Vila Velha,-20.33,-40.29,77.0,65,40,Clouds,14.99,BR,2020-06-28 16:15:58,0.0,0
268,Kysyl-Syr,63.9,122.76,70.02,49,80,Clouds,3.02,RU,2020-06-28 16:20:32,0.0,0
269,Pacific Grove,36.62,-121.92,57.99,82,90,Clouds,9.17,US,2020-06-28 16:16:06,0.0,0
270,Beroroha,-21.67,45.17,75.63,43,0,Clear,2.28,MG,2020-06-28 16:20:32,0.0,0
271,San Juan,-31.54,-68.54,50.61,47,8,Clear,3.2,AR,2020-06-28 16:20:33,0.0,0
272,Alice Springs,-23.7,133.88,39.2,51,0,Clear,7.02,AU,2020-06-28 16:20:33,0.0,0
273,Bay Roberts,47.6,-53.26,68.0,93,90,Mist,3.36,CA,2020-06-28 16:20:33,0.0,0
274,Mitzic,0.78,11.55,81.68,62,56,Clouds,2.21,GA,2020-06-28 16:20:33,0.0,0
275,Geraldton,-28.77,114.6,68.0,72,75,Clouds,23.04,AU,2020-06-28 16:17:38,0.0,0
276,Abatskoye,56.29,70.46,52.41,95,100,Rain,10.74,RU,2020-06-28 16:20:33,0.17,0
277,Beringovskiy,63.05,179.32,40.17,71,8,Clear,18.16,RU,2020-06-28 16:18:46,0.0,0
278,Sinnamary,5.38,-52.95,83.05,76,24,Rain,1.68,GF,2020-06-28 16:17:44,1.26,0
279,Esperance,-33.87,121.9,57.2,93,90,Clouds,17.22,AU,2020-06-28 16:18:42,0.0,0
280,Walvis Bay,-22.96,14.51,77.0,22,0,Clear,8.05,NA,2020-06-28 16:20:33,0.0,0
281,Albion,42.24,-84.75,78.8,54,1,Clear,3.36,US,2020-06-28 16:20:33,0.0,0
282,Tauranga,-37.69,176.17,48.0,92,4,Clear,1.01,NZ,2020-06-28 16:20:33,0.0,0
283,Porto Novo,6.5,2.6,78.8,88,20,Clouds,11.41,BJ,2020-06-28 16:20:33,0.0,0
284,Ulaangom,49.98,92.07,67.8,58,48,Clouds,9.37,MN,2020-06-28 16:20:33,0.0,0
285,Bereda,43.27,-7.54,70.0,84,91,Clouds,7.0,ES,2020-06-28 16:20:33,0.0,0
286,Akyab,20.15,92.9,82.36,82,92,Rain,6.71,MM,2020-06-28 16:20:33,0.45,0
287,Reserva,-24.65,-50.85,63.01,66,41,Clouds,3.18,BR,2020-06-28 16:20:33,0.0,0
288,Arraial Do Cabo,-22.97,-42.03,75.2,73,40,Clouds,16.11,BR,2020-06-28 16:16:51,0.0,0
289,Bosaso,11.28,49.18,94.33,42,51,Clouds,2.66,SO,2020-06-28 16:20:33,0.0,0
290,Nemuro,43.32,145.57,49.08,97,100,Clouds,15.43,JP,2020-06-28 16:18:47,0.0,0
291,Louis Trichardt,-23.04,29.9,62.17,27,0,Clear,6.24,ZA,2020-06-28 16:20:34,0.0,0
292,Chapais,49.78,-74.85,73.4,60,40,Clouds,6.93,CA,2020-06-28 16:18:45,0.0,0
293,Quatre Cocos,-20.21,57.76,73.99,83,40,Rain,8.05,MU,2020-06-28 16:18:48,0.0,0
294,Tyulyachi,55.89,50.24,62.6,42,60,Clouds,8.95,RU,2020-06-28 16:20:34,0.0,0
295,Galveston,29.37,-94.97,89.01,79,20,Haze,17.22,US,2020-06-28 16:20:34,0.0,0
296,Pontianak,-0.03,109.33,76.01,83,39,Clouds,2.71,ID,2020-06-28 16:20:34,0.0,0
297,Richards Bay,-28.78,32.04,69.31,56,18,Clouds,10.45,ZA,2020-06-28 16:18:48,0.0,0
298,Lincoln,40.8,-96.67,82.4,69,1,Clear,17.22,US,2020-06-28 16:19:35,0.0,0
299,Huarmey,-10.07,-78.15,68.74,66,35,Clouds,10.09,PE,2020-06-28 16:20:34,0.0,0
300,Norman Wells,65.28,-126.83,57.2,62,20,Clouds,6.93,CA,2020-06-28 16:18:43,0.0,0
301,Vao,-22.67,167.48,69.15,54,0,Clear,9.28,NC,2020-06-28 16:20:34,0.0,0
302,Barcelos,41.54,-8.62,78.01,83,20,Clouds,8.05,PT,2020-06-28 16:20:34,0.0,0
303,Kalaleh,37.38,55.49,80.6,51,40,Clouds,9.17,IR,2020-06-28 16:20:34,0.0,0
304,Half Moon Bay,37.46,-122.43,60.8,67,75,Clouds,13.87,US,2020-06-28 16:17:38,0.0,0
305,Pasni,25.26,63.47,84.69,85,32,Clouds,14.43,PK,2020-06-28 16:20:34,0.0,0
306,Chake Chake,-5.25,39.77,76.33,87,14,Clouds,9.17,TZ,2020-06-28 16:20:34,0.0,0
307,The Valley,18.22,-63.06,89.6,70,40,Clouds,12.75,AI,2020-06-28 16:18:25,0.0,0
308,Clyde River,70.47,-68.59,33.8,78,90,Mist,10.29,CA,2020-06-28 16:17:30,0.0,0
309,Yangambi,0.81,24.43,81.27,67,100,Clouds,2.48,CD,2020-06-28 16:20:34,0.0,0
310,Nelson Bay,-32.72,152.15,48.99,93,44,Rain,8.05,AU,2020-06-28 16:18:03,0.25,0
311,Sabha,27.04,14.43,100.47,11,0,Clear,14.43,LY,2020-06-28 16:17:33,0.0,0
312,Biggar,55.62,-3.52,55.99,87,100,Rain,4.0,GB,2020-06-28 16:20:34,0.43,0
313,Coari,-4.08,-63.14,87.62,60,28,Rain,2.89,BR,2020-06-28 16:20:34,0.27,0
314,Nhamunda,-2.19,-56.71,82.62,86,74,Rain,4.74,BR,2020-06-28 16:20:34,1.61,0
315,Aykhal,66.0,111.5,73.4,43,60,Clouds,4.47,RU,2020-06-28 16:16:46,0.0,0
316,Boca Do Acre,-8.75,-67.4,86.68,58,9,Clear,4.61,BR,2020-06-28 16:20:34,0.0,0
317,Wagar,16.15,36.2,102.24,11,85,Clouds,3.04,SD,2020-06-28 16:20:34,0.0,0
318,Marrakesh,31.63,-8.01,96.8,25,0,Clear,5.82,MA,2020-06-28 16:20:35,0.0,0
319,Pacifica,37.61,-122.49,60.01,67,75,Clouds,13.87,US,2020-06-28 16:17:31,0.0,0
320,Miami,25.77,-80.19,91.99,59,75,Clouds,10.29,US,2020-06-28 16:16:56,0.0,0
321,Mozhaysk,55.5,36.03,70.86,84,97,Rain,4.27,RU,2020-06-28 16:20:35,1.15,0
322,Gairo,39.85,9.5,84.2,58,20,Clouds,10.29,IT,2020-06-28 16:20:35,0.0,0
323,Pevek,69.7,170.31,31.95,99,100,Rain,18.28,RU,2020-06-28 16:16:50,0.3,0
324,Ust-Ilimsk,58.0,102.66,63.34,63,44,Clouds,2.53,RU,2020-06-28 16:20:35,0.0,0
325,Satis,54.92,43.23,66.18,65,65,Clouds,3.98,RU,2020-06-28 16:20:35,0.0,0
326,Katangli,51.71,143.23,46.06,94,15,Clouds,3.65,RU,2020-06-28 16:20:35,0.0,0
327,Muros,42.78,-9.06,66.0,92,89,Clouds,8.01,ES,2020-06-28 16:20:35,0.0,0
328,Port Moresby,-9.44,147.18,77.0,94,20,Clouds,9.17,PG,2020-06-28 16:20:35,0.0,0
329,Malinovoye Ozero,51.68,79.78,57.54,60,45,Clouds,8.41,RU,2020-06-28 16:20:35,0.0,0
330,Palu,-0.89,119.87,74.73,83,100,Rain,0.56,ID,2020-06-28 16:20:35,1.4,0
331,Mount Isa,-20.73,139.5,60.8,48,0,Clear,5.82,AU,2020-06-28 16:17:41,0.0,0
332,La Primavera,5.49,-70.41,74.68,92,99,Rain,5.99,CO,2020-06-28 16:20:35,1.77,0
333,Balakhninskiy,58.01,114.28,63.43,63,88,Clouds,5.7,RU,2020-06-28 16:20:35,0.0,0
334,Huilong,31.81,121.66,79.0,97,92,Rain,14.36,CN,2020-06-28 16:20:35,1.08,0
335,Kovdor,67.57,30.48,59.81,42,25,Clouds,4.54,RU,2020-06-28 16:20:35,0.0,0
336,Ballina,-28.87,153.57,50.0,93,19,Clouds,5.82,AU,2020-06-28 16:18:50,0.0,0
337,Te Anau,-45.42,167.72,38.98,83,64,Clouds,2.46,NZ,2020-06-28 16:18:41,0.0,0
338,Bengkulu,-3.8,102.27,78.03,87,40,Rain,6.06,ID,2020-06-28 16:20:35,0.31,0
339,Husavik,66.04,-17.34,55.4,82,20,Clouds,11.41,IS,2020-06-28 16:20:35,0.0,0
340,Kloulklubed,7.04,134.26,77.0,94,75,Clouds,4.7,PW,2020-06-28 16:18:49,0.0,0
341,Carmarthen,51.86,-4.31,61.0,72,86,Clouds,40.26,GB,2020-06-28 16:20:35,0.0,0
342,Saldanha,-33.01,17.94,60.8,72,13,Clouds,4.7,ZA,2020-06-28 16:20:36,0.0,0
343,Pangnirtung,66.15,-65.71,48.31,62,48,Clouds,4.32,CA,2020-06-28 16:20:36,0.0,0
344,Tocopilla,-22.09,-70.2,66.4,52,92,Clouds,5.61,CL,2020-06-28 16:20:36,0.0,0
345,Bathsheba,13.22,-59.52,87.8,70,40,Clouds,13.87,BB,2020-06-28 16:18:45,0.0,0
346,Rock Springs,41.59,-109.2,69.8,30,20,Clouds,23.04,US,2020-06-28 16:15:58,0.0,0
347,Millau,44.08,2.92,75.2,64,90,Clouds,11.41,FR,2020-06-28 16:20:36,0.0,0
348,Barrow,71.29,-156.79,46.4,75,1,Clear,8.05,US,2020-06-28 16:16:11,0.0,0
349,Male,4.17,73.51,86.0,74,75,Clouds,14.99,MV,2020-06-28 16:18:48,0.0,0
350,Banjarmasin,-3.32,114.59,72.72,91,45,Clouds,2.68,ID,2020-06-28 16:20:36,0.0,0
351,Matara,5.95,80.54,80.53,85,87,Rain,9.84,LK,2020-06-28 16:18:00,0.17,0
352,Saint-Augustin,51.23,-58.65,61.9,64,28,Clouds,17.31,CA,2020-06-28 16:17:05,0.0,0
353,Dimitrovgrad,54.21,49.62,68.0,40,40,Clouds,11.18,RU,2020-06-28 16:20:36,0.0,0
354,Eyl,7.98,49.82,84.31,61,22,Clouds,25.55,SO,2020-06-28 16:18:49,0.0,0
355,Batemans Bay,-35.72,150.18,39.99,100,51,Clouds,5.39,AU,2020-06-28 16:20:36,0.0,0
356,Aldan,58.6,125.39,60.03,59,16,Clouds,3.42,RU,2020-06-28 16:20:36,0.0,0
357,Daugai,54.37,24.33,80.01,61,2,Clear,6.93,LT,2020-06-28 16:20:36,0.0,0
358,Ypsonas,34.69,32.96,78.8,83,75,Haze,13.87,CY,2020-06-28 16:20:36,0.0,0
359,Aksay,47.26,39.87,89.01,27,0,Clear,13.42,RU,2020-06-28 16:20:36,0.0,0
360,Noumea,-22.28,166.46,66.0,93,0,Clear,2.24,NC,2020-06-28 16:19:40,0.0,0
361,Saint George,37.1,-113.58,91.4,18,1,Clear,16.11,US,2020-06-28 16:18:43,0.0,0
362,Nome,64.5,-165.41,44.6,100,90,Rain,6.93,US,2020-06-28 16:18:27,1.02,0
363,Cidreira,-30.18,-50.21,59.36,55,0,Clear,3.51,BR,2020-06-28 16:18:41,0.0,0
364,Stavern,59.0,10.03,64.4,77,40,Clouds,10.29,NO,2020-06-28 16:20:36,0.0,0
365,Khandagayty,50.73,92.05,59.74,74,99,Clouds,13.4,RU,2020-06-28 16:20:36,0.0,0
366,Jamsa,61.86,25.19,73.4,38,49,Clouds,9.17,FI,2020-06-28 16:20:36,0.0,0
367,Ambon,-3.7,128.18,79.0,14,100,Rain,6.33,ID,2020-06-28 16:17:39,0.17,0
368,Staffanstorp,55.64,13.21,69.01,93,20,Clouds,9.17,SE,2020-06-28 16:20:36,0.0,0
369,Manaure,11.78,-72.44,89.46,53,100,Clouds,26.49,CO,2020-06-28 16:20:37,0.0,0
370,Mitu,1.2,-70.17,75.74,95,91,Rain,2.19,CO,2020-06-28 16:20:37,0.72,0
371,East London,-33.02,27.91,64.42,46,22,Clouds,22.48,ZA,2020-06-28 16:17:30,0.0,0
372,Fakel,57.63,53.03,51.6,89,25,Rain,6.26,RU,2020-06-28 16:20:37,0.39,0
373,Plavinas,56.62,25.73,80.74,53,26,Clouds,1.77,LV,2020-06-28 16:20:37,0.0,0
374,Sembabule,-0.08,31.46,73.13,59,22,Clouds,8.3,UG,2020-06-28 16:20:37,0.0,0
375,Bac Lieu,9.29,105.72,81.99,79,100,Rain,10.83,VN,2020-06-28 16:18:36,1.02,0
376,Camalu,30.85,-116.07,63.0,64,85,Clouds,1.99,MX,2020-06-28 16:20:37,0.0,0
377,Waipawa,-41.41,175.52,54.0,75,20,Clouds,5.99,NZ,2020-06-28 16:17:27,0.0,0
378,Fortuna,40.6,-124.16,57.99,82,90,Clouds,12.75,US,2020-06-28 16:17:39,0.0,0
379,Namibe,-15.2,12.15,72.66,58,0,Clear,9.46,AO,2020-06-28 16:17:31,0.0,0
380,Hamilton,39.18,-84.53,75.0,88,75,Clouds,6.93,US,2020-06-28 16:17:39,0.0,0
381,Rawson,-43.3,-65.1,41.07,66,100,Clouds,1.72,AR,2020-06-28 16:20:37,0.0,0
382,Ruwi,23.6,58.55,91.4,70,20,Clouds,4.7,OM,2020-06-28 16:20:37,0.0,0
383,Bartica,6.4,-58.62,73.4,94,75,Rain,16.11,GY,2020-06-28 16:20:37,0.0,0
384,Zarand,30.81,56.56,85.01,19,17,Clouds,9.71,IR,2020-06-28 16:20:37,0.0,0
385,Savannah Bight,16.45,-85.85,82.24,77,99,Rain,16.28,HN,2020-06-28 16:20:37,0.16,0
386,Kargasok,59.06,80.86,54.59,75,91,Clouds,21.23,RU,2020-06-28 16:20:37,0.0,0
387,San Angelo,31.46,-100.44,87.8,48,1,Clear,17.22,US,2020-06-28 16:20:37,0.0,0
388,Jabinyanah,35.03,10.91,86.0,58,0,Clear,14.99,TN,2020-06-28 16:20:37,0.0,0
389,Punta Alta,-38.88,-62.07,45.64,59,100,Clouds,9.4,AR,2020-06-28 16:20:37,0.0,0
390,Los Llanos De Aridane,28.66,-17.92,75.2,73,75,Clouds,17.22,ES,2020-06-28 16:20:38,0.0,0
391,Dwarka,22.24,68.97,87.48,79,73,Clouds,15.26,IN,2020-06-28 16:20:38,0.0,0
392,Victor Harbor,-35.57,138.62,48.99,70,56,Clouds,5.01,AU,2020-06-28 16:20:38,0.0,0
393,Zhoucheng,35.91,116.31,75.76,71,99,Clouds,3.47,CN,2020-06-28 16:20:38,0.0,0
394,Jumla,29.27,82.18,63.41,71,100,Clouds,1.41,NP,2020-06-28 16:20:38,0.0,0
395,Tanout,14.97,8.89,102.88,8,0,Clear,7.58,NE,2020-06-28 16:20:38,0.0,0
396,Anzhero-Sudzhensk,56.08,86.03,57.2,71,100,Clouds,6.71,RU,2020-06-28 16:20:38,0.0,0
397,Maragogi,-9.01,-35.22,78.84,80,48,Rain,12.73,BR,2020-06-28 16:15:51,0.81,0
398,Sapa,5.15,120.32,78.37,85,100,Rain,6.91,PH,2020-06-28 16:20:38,1.73,0
399,Olafsvik,64.89,-23.71,54.46,82,97,Clouds,5.7,IS,2020-06-28 16:20:38,0.0,0
400,Mus,39.0,41.75,71.31,52,54,Clouds,4.61,TR,2020-06-28 16:20:38,0.0,0
401,Werda,-25.27,23.28,58.78,31,0,Clear,8.01,BW,2020-06-28 16:20:38,0.0,0
402,Belaya Gora,68.53,146.42,59.34,51,79,Clouds,7.81,RU,2020-06-28 16:20:38,0.0,0
403,Razole,16.48,81.83,84.87,76,100,Clouds,5.35,IN,2020-06-28 16:20:38,0.0,0
404,Mehamn,71.04,27.85,42.8,87,90,Rain,10.29,NO,2020-06-28 16:20:38,0.0,0
405,San Joaquin,10.26,-67.79,82.36,60,45,Clouds,4.12,VE,2020-06-28 16:20:38,0.0,0
406,Dunedin,-45.87,170.5,45.0,87,100,Clouds,1.99,NZ,2020-06-28 16:17:05,0.0,0
407,Grants,35.15,-107.85,77.0,17,1,Clear,16.11,US,2020-06-28 16:20:38,0.0,0
408,Anadyr,64.75,177.48,35.01,80,20,Clouds,4.47,RU,2020-06-28 16:20:38,0.0,0
409,Mandalgovi,45.76,106.27,61.79,58,59,Clouds,19.86,MN,2020-06-28 16:17:34,0.0,0
410,Arica,-18.48,-70.3,62.6,67,0,Clear,12.75,CL,2020-06-28 16:20:38,0.0,0
411,Zavetnoye,47.12,43.89,82.81,35,0,Clear,7.74,RU,2020-06-28 16:20:38,0.0,0
412,Truth Or Consequences,33.13,-107.25,84.2,20,1,Clear,11.41,US,2020-06-28 16:20:39,0.0,0
413,Orange Cove,36.62,-119.31,75.2,53,1,Clear,5.59,US,2020-06-28 16:20:39,0.0,0
414,Rio Gallegos,-51.62,-69.22,23.0,85,20,Clouds,9.17,AR,2020-06-28 16:20:39,0.0,0
415,Lukovetskiy,64.3,41.92,51.8,66,75,Clouds,6.71,RU,2020-06-28 16:20:39,0.0,0
416,Necochea,-38.55,-58.74,51.01,74,45,Clouds,5.03,AR,2020-06-28 16:17:39,0.0,0
417,Empalme,27.97,-110.82,91.0,70,40,Clouds,11.41,MX,2020-06-28 16:20:39,0.0,0
418,Lata,40.16,-8.33,84.0,53,0,Clear,11.23,PT,2020-06-28 16:17:30,0.0,0
419,Hauterive,46.09,3.45,75.2,57,75,Clouds,13.87,FR,2020-06-28 16:20:39,0.0,0
420,Caraballeda,10.61,-66.85,84.2,74,20,Dust,4.7,VE,2020-06-28 16:20:39,0.0,0
421,Tiznit,29.58,-9.5,85.57,32,0,Clear,9.89,MA,2020-06-28 16:20:39,0.0,0
422,Yeppoon,-23.13,150.73,60.8,77,75,Clouds,5.82,AU,2020-06-28 16:20:39,0.0,0
423,Saint Anthony,45.02,-93.22,82.99,48,1,Clear,12.75,US,2020-06-28 16:17:04,0.0,0
424,Camacha,33.08,-16.33,75.2,69,40,Clouds,17.22,PT,2020-06-28 16:20:39,0.0,0
425,Quelimane,-17.88,36.89,78.8,78,20,Clouds,10.29,MZ,2020-06-28 16:16:46,0.0,0
426,Libreville,0.39,9.45,80.6,74,40,Clouds,6.93,GA,2020-06-28 16:20:39,0.0,0
427,Floro,61.6,5.03,59.0,82,75,Clouds,8.05,NO,2020-06-28 16:20:39,0.0,0
428,Dabakala,8.37,-4.43,85.86,62,55,Clouds,5.82,CI,2020-06-28 16:20:39,0.0,0
429,Teya,60.38,92.63,64.56,88,81,Rain,7.29,RU,2020-06-28 16:18:41,0.19,0
430,Rio Grande,-32.03,-52.1,59.0,62,0,Clear,2.24,BR,2020-06-28 16:17:27,0.0,0
431,Tamiahua,21.27,-97.45,84.74,73,77,Clouds,10.87,MX,2020-06-28 16:20:39,0.0,0
432,Dingle,11.0,122.67,76.93,86,100,Clouds,2.28,PH,2020-06-28 16:17:03,0.0,0
433,Mogapinyana,-22.37,27.6,71.6,35,0,Clear,6.29,BW,2020-06-28 16:20:39,0.0,0
434,Mount Pleasant,32.79,-79.86,90.0,66,1,Clear,8.05,US,2020-06-28 16:18:49,0.0,0
435,Tuatapere,-46.13,167.68,45.0,83,97,Clouds,5.41,NZ,2020-06-28 16:17:37,0.0,0
436,Trinidad,-14.83,-64.9,64.4,77,90,Clouds,11.41,BO,2020-06-28 16:20:39,0.0,0
437,Alihe,50.57,123.72,54.61,93,2,Clear,2.3,CN,2020-06-28 16:17:35,0.0,0
438,Coihaique,-45.58,-72.07,28.4,68,75,Clouds,3.36,CL,2020-06-28 16:20:39,0.0,0
439,Nuuk,64.18,-51.72,50.0,61,20,Clouds,6.93,GL,2020-06-28 16:20:39,0.0,0
440,Hobyo,5.35,48.53,79.93,75,48,Clouds,24.38,SO,2020-06-28 16:17:45,0.0,0
441,Shingu,33.73,135.98,68.52,84,77,Clouds,6.42,JP,2020-06-28 16:18:45,0.0,0
442,Eydhafushi,5.1,73.07,83.68,78,22,Clouds,15.41,MV,2020-06-28 16:20:40,0.0,0
443,Posadas,-27.37,-55.9,55.4,87,90,Clouds,6.93,AR,2020-06-28 16:20:40,0.0,0
444,Sao Joao Da Barra,-21.64,-41.05,75.2,69,75,Clouds,9.17,BR,2020-06-28 16:16:48,0.0,0
445,Piacabucu,-10.41,-36.43,80.47,71,10,Rain,11.23,BR,2020-06-28 16:20:40,0.13,0
446,Miyako,39.64,141.95,61.7,92,30,Rain,7.05,JP,2020-06-28 16:20:40,0.22,0
447,Kununurra,-15.77,128.73,59.0,31,76,Clouds,4.7,AU,2020-06-28 16:18:04,0.0,0
448,Garowe,8.41,48.48,89.24,35,43,Clouds,17.22,SO,2020-06-28 16:20:40,0.0,0
449,Avondale,33.44,-112.35,90.0,21,5,Clear,8.28,US,2020-06-28 16:19:30,0.0,0
450,Sakakah,29.97,40.21,98.6,12,0,Clear,14.99,SA,2020-06-28 16:20:40,0.0,0
451,Cave,41.82,12.93,88.0,41,0,Clear,1.99,IT,2020-06-28 16:20:40,0.0,0
452,Shagonar,51.53,92.8,62.49,78,99,Clouds,5.03,RU,2020-06-28 16:20:40,0.0,0
453,Meulaboh,4.14,96.13,79.39,84,97,Clouds,4.03,ID,2020-06-28 16:17:32,0.0,0
454,Pontes E Lacerda,-15.23,-59.34,75.69,53,39,Clouds,6.42,BR,2020-06-28 16:19:22,0.0,0
455,Santo Antonio Do Amparo,-20.95,-44.92,72.36,57,17,Clouds,3.49,BR,2020-06-28 16:20:40,0.0,0
456,Kisanga,-7.44,37.7,76.66,64,12,Clouds,1.63,TZ,2020-06-28 16:20:40,0.0,0
457,Kruisfontein,-34.0,24.73,54.34,72,5,Clear,16.15,ZA,2020-06-28 16:18:48,0.0,0
458,Teguise,29.06,-13.56,80.6,57,20,Clouds,25.28,ES,2020-06-28 16:20:40,0.0,0
459,Darhan,49.49,105.92,63.5,76,45,Rain,3.78,MN,2020-06-28 16:20:40,1.16,0
460,Raudeberg,61.99,5.14,59.0,88,100,Rain,9.66,NO,2020-06-28 16:18:41,0.87,0
461,Pochutla,15.74,-96.47,87.8,66,75,Clouds,6.93,MX,2020-06-28 16:18:46,0.0,0
462,Wajir,1.75,40.06,91.4,43,75,Clouds,10.29,KE,2020-06-28 16:20:40,0.0,0
463,Luganville,-15.53,167.17,77.0,88,90,Clouds,6.93,VU,2020-06-28 16:20:40,0.0,0
464,Hasaki,35.73,140.83,68.0,100,75,Fog,2.24,JP,2020-06-28 16:18:50,0.0,0
465,Tessalit,20.2,1.01,109.87,7,23,Clouds,10.78,ML,2020-06-28 16:20:40,0.0,0
466,Hay River,60.82,-115.8,55.4,66,75,Clouds,10.29,CA,2020-06-28 16:20:40,0.0,0
467,Churapcha,62.0,132.43,64.13,56,18,Clouds,3.85,RU,2020-06-28 16:18:42,0.0,0
468,Turukhansk,65.82,87.98,73.8,48,45,Clouds,15.41,RU,2020-06-28 16:16:57,0.0,0
469,Tonj,7.27,28.68,83.25,62,15,Clouds,4.12,SS,2020-06-28 16:20:40,0.0,0
470,Lazaro Cardenas,17.96,-102.2,87.89,53,63,Clouds,2.24,MX,2020-06-28 16:20:41,0.0,0
471,Havelock,34.88,-76.9,89.6,52,25,Clouds,11.41,US,2020-06-28 16:18:08,0.0,0
472,Grand Gaube,-20.01,57.66,73.99,75,12,Clouds,5.99,MU,2020-06-28 16:18:44,0.0,0
473,Terney,45.05,136.61,54.46,90,100,Clouds,6.24,RU,2020-06-28 16:20:41,0.0,0
474,Berlevag,70.86,29.09,42.8,87,90,Rain,10.29,NO,2020-06-28 16:18:46,0.0,0
475,Porto Seguro,-16.45,-39.06,78.8,65,40,Clouds,10.29,BR,2020-06-28 16:20:41,0.0,0
476,Crixas,-14.55,-49.97,88.81,31,0,Clear,5.88,BR,2020-06-28 16:20:41,0.0,0
477,Batsfjord,70.63,29.72,46.4,87,75,Clouds,18.34,NO,2020-06-28 16:20:41,0.0,0
478,Tornio,65.85,24.15,66.2,48,1,Clear,6.93,FI,2020-06-28 16:20:41,0.0,0
479,Udachnyy,66.42,112.4,73.4,43,62,Clouds,4.47,RU,2020-06-28 16:20:41,0.0,0
480,Ketegyhaza,46.53,21.18,90.0,51,20,Clouds,10.29,HU,2020-06-28 16:20:41,0.0,0
481,Eyemouth,55.87,-2.09,59.0,1,86,Rain,11.01,GB,2020-06-28 16:20:41,0.13,0
482,Hovd,48.01,91.64,72.82,24,2,Clear,4.54,MN,2020-06-28 16:20:41,0.0,0
483,Mitsamiouli,-11.38,43.28,78.6,78,34,Clouds,5.57,KM,2020-06-28 16:20:41,0.0,0
484,Kholm-Zhirkovskiy,55.52,33.47,74.05,76,76,Rain,1.43,RU,2020-06-28 16:20:41,0.25,0
485,Kota Belud,6.35,116.43,77.0,78,20,Clouds,4.7,MY,2020-06-28 16:20:41,0.0,0
486,Dudinka,69.41,86.18,75.2,47,54,Clouds,15.66,RU,2020-06-28 16:20:41,0.0,0
487,Sisimiut,66.94,-53.67,42.17,82,99,Clouds,8.3,GL,2020-06-28 16:18:48,0.0,0
488,Pangkalanbuun,-2.68,111.62,73.81,90,73,Clouds,2.95,ID,2020-06-28 16:20:41,0.0,0
489,Kerrobert,51.92,-109.13,57.2,93,90,Thunderstorm,3.36,CA,2020-06-28 16:20:41,0.0,0
490,Najran,17.49,44.13,95.0,17,40,Clouds,9.17,SA,2020-06-28 16:20:41,0.0,0
491,Saint-Francois,46.42,3.91,71.6,60,75,Clouds,9.17,FR,2020-06-28 16:17:43,0.0,0
492,Bollnas,61.35,16.39,78.01,64,46,Clouds,1.99,SE,2020-06-28 16:20:41,0.0,0
493,Maraba,-5.37,-49.12,95.0,44,40,Clouds,4.7,BR,2020-06-28 16:20:41,0.0,0
494,Hanzhong,33.07,107.03,68.63,88,0,Clear,1.32,CN,2020-06-28 16:20:42,0.0,0
495,Winton,37.39,-120.61,71.6,46,5,Clear,6.87,US,2020-06-28 16:20:42,0.0,0
496,Itacoatiara,-3.14,-58.44,84.7,75,22,Rain,4.9,BR,2020-06-28 16:20:42,1.27,0
497,Roebourne,-20.78,117.13,67.51,53,19,Clouds,1.25,AU,2020-06-28 16:20:42,0.0,0
498,Dumas,35.87,-101.97,87.8,20,1,Clear,13.87,US,2020-06-28 16:20:42,0.0,0
499,Bastrop,32.76,-91.87,87.8,70,75,Clouds,9.17,US,2020-06-28 16:20:42,0.0,0
500,Kaeo,-35.1,173.78,48.0,3,0,Clear,11.16,NZ,2020-06-28 16:17:32,0.0,0
501,Voh,-20.97,164.7,63.61,82,7,Clear,4.27,NC,2020-06-28 16:20:42,0.0,0
502,Saint-Joseph,-21.37,55.62,69.8,83,36,Clouds,4.7,RE,2020-06-28 16:20:42,0.0,0
503,Comodoro Rivadavia,-45.87,-67.5,37.4,87,40,Clouds,1.12,AR,2020-06-28 16:16:46,0.0,0
504,Logan Lake,50.5,-120.8,60.8,59,75,Clouds,18.34,CA,2020-06-28 16:20:42,0.0,0
505,Chichica,8.49,-82.16,82.4,74,75,Clouds,5.82,PA,2020-06-28 16:20:42,0.0,0
506,Zhangye,38.93,100.45,73.99,21,0,Clear,3.56,CN,2020-06-28 16:17:32,0.0,0
507,Shetpe,44.17,52.12,75.02,28,58,Clouds,14.99,KZ,2020-06-28 16:20:42,0.0,0
508,Kushiro,42.98,144.37,50.67,96,100,Clouds,10.92,JP,2020-06-28 16:20:42,0.0,0
509,Houma,29.6,-90.72,91.0,74,40,Clouds,12.75,US,2020-06-28 16:20:34,0.0,0
510,Axim,4.87,-2.24,78.31,83,59,Rain,11.88,GH,2020-06-28 16:17:30,0.78,0
511,Chicama,-7.84,-79.15,73.81,56,36,Clouds,7.94,PE,2020-06-28 16:20:42,0.0,0
512,Iguape,-24.71,-47.56,65.41,84,85,Rain,6.46,BR,2020-06-28 16:20:42,0.46,0
513,Labuhan,-6.88,112.21,77.86,83,0,Clear,7.45,ID,2020-06-28 16:18:52,0.0,0
514,Fare,-16.7,-151.02,76.75,76,48,Clouds,23.0,PF,2020-06-28 16:17:47,0.0,0
515,Bellevue,47.61,-122.2,55.99,87,90,Clouds,3.2,US,2020-06-28 16:19:17,0.0,0
516,Mwaro,-3.5,29.67,62.17,74,52,Clouds,5.35,BI,2020-06-28 16:20:42,0.0,0
517,Airai,-8.93,125.41,56.97,100,84,Clouds,3.24,TL,2020-06-28 16:17:42,0.0,0
518,Chekhov,55.14,37.47,73.4,64,98,Rain,8.95,RU,2020-06-28 16:20:42,1.76,0
519,Georgiyevka,43.04,74.71,53.6,87,51,Clouds,13.42,KZ,2020-06-28 16:20:42,0.0,0
520,Kamsack,51.57,-101.9,64.4,88,75,Clouds,10.29,CA,2020-06-28 16:18:03,0.0,0
521,Nimes,43.83,4.35,91.99,55,14,Clouds,10.29,FR,2020-06-28 16:20:42,0.0,0
522,San Javier,37.81,-0.84,88.0,69,0,Clear,8.05,ES,2020-06-28 16:20:43,0.0,0
523,Sawtell,-30.38,153.1,53.6,76,9,Clear,11.41,AU,2020-06-28 16:17:39,0.0,0
524,Abu Samrah,35.3,37.18,89.58,25,0,Clear,18.59,SY,2020-06-28 16:20:43,0.0,0
525,Koryukivka,51.77,32.25,72.84,83,32,Rain,8.32,UA,2020-06-28 16:20:43,0.79,0
526,Khandyga,62.67,135.6,63.03,65,1,Clear,1.19,RU,2020-06-28 16:18:51,0.0,0
527,Podor,16.65,-14.96,104.0,31,0,Clear,2.24,MR,2020-06-28 16:20:43,0.0,0
528,Loreto,22.27,-101.97,72.05,50,36,Clouds,0.81,MX,2020-06-28 16:17:35,0.0,0
529,Tabuk,17.42,121.44,75.56,87,100,Rain,2.42,PH,2020-06-28 16:17:04,0.88,0
530,Hoquiam,46.98,-123.89,59.0,87,90,Clouds,3.36,US,2020-06-28 16:20:43,0.0,0
531,Acapulco,16.86,-99.89,87.8,58,5,Clear,5.82,MX,2020-06-28 16:18:13,0.0,0
532,Kieta,-6.22,155.63,79.16,79,85,Clouds,2.46,PG,2020-06-28 16:17:33,0.0,0
533,Narsaq,60.92,-46.05,55.4,54,81,Clouds,11.41,GL,2020-06-28 16:18:43,0.0,0
534,Mangrol,21.12,70.12,87.1,78,11,Clouds,12.12,IN,2020-06-28 16:20:43,0.0,0
535,George Town,5.41,100.34,86.0,74,40,Clouds,10.29,MY,2020-06-28 16:20:43,0.0,0
536,Rongcheng,30.63,117.85,78.78,87,100,Clouds,4.65,CN,2020-06-28 16:16:53,0.0,0
537,Wanning,18.8,110.4,81.46,87,45,Clouds,8.84,CN,2020-06-28 16:18:02,0.0,0
538,Puerto Cabezas,14.04,-83.39,86.0,84,75,Haze,11.41,NI,2020-06-28 16:20:43,0.0,0
539,Copiapo,-27.37,-70.33,55.4,71,75,Clouds,4.7,CL,2020-06-28 16:15:56,0.0,0
540,Alugan,12.22,125.48,79.14,81,100,Clouds,1.88,PH,2020-06-28 16:20:43,0.0,0
541,Carmo,-21.93,-42.61,72.27,71,75,Rain,2.28,BR,2020-06-28 16:20:43,0.39,0
542,Punta De Piedra,7.62,-71.49,78.49,90,94,Rain,3.94,VE,2020-06-28 16:20:43,0.87,0
543,Gabu,12.28,-14.22,97.97,38,19,Clouds,6.38,GW,2020-06-28 16:20:43,0.0,0
544,Honningsvag,70.98,25.97,42.8,87,75,Clouds,10.29,NO,2020-06-28 16:20:43,0.0,0
545,Preobrazheniye,42.9,133.91,55.47,92,100,Rain,0.89,RU,2020-06-28 16:20:44,0.11,0
546,Milkovo,54.72,158.62,50.25,78,1,Clear,1.1,RU,2020-06-28 16:20:44,0.0,0
547,San Martin,-33.08,-68.47,35.6,74,90,Mist,2.24,AR,2020-06-28 16:19:20,0.0,0
548,Lugovoy,42.95,72.76,58.12,43,5,Clear,8.03,KZ,2020-06-28 16:20:44,0.0,0
549,Zalantun,48.0,122.72,59.67,90,0,Clear,5.37,CN,2020-06-28 16:20:44,0.0,0
550,Muisne,0.6,-80.03,82.4,88,75,Clouds,8.05,EC,2020-06-28 16:17:47,0.0,0
551,Ust-Kuyga,70.02,135.6,54.99,69,5,Clear,7.38,RU,2020-06-28 16:20:44,0.0,0
